{
  "name": "d3-tip",
  "version": "0.7.1",
  "main": "index.js",
  "ignore": [
    "**/.*",
    "node_modules",
    "components",
    "bower_components",
    "examples",
    "Makefile",
    "docs"
  ],
  "dependencies": {
    "d3": "^4.2"
  },
  "homepage": "https://github.com/Caged/d3-tip",
  "_release": "0.7.1",
  "_resolution": {
    "type": "version",
    "tag": "v0.7.1",
    "commit": "07d21d718e63be6c94df004db7c0bc74206bfc95"
  },
  "_source": "https://github.com/Caged/d3-tip.git",
  "_target": "^0.7.1",
  "_originalSource": "d3-tip"
}