{
  "name": "d3",
  "description": "A JavaScript visualization library for HTML and SVG.",
  "main": "d3.js",
  "license": "BSD-3-Clause",
  "ignore": [],
  "homepage": "https://github.com/mbostock-bower/d3-bower",
  "version": "4.13.0",
  "_release": "4.13.0",
  "_resolution": {
    "type": "version",
    "tag": "v4.13.0",
    "commit": "b0c0dd61871c53b5ce5fd98c0d2eefee8b283a11"
  },
  "_source": "https://github.com/mbostock-bower/d3-bower.git",
  "_target": "^4.4.0",
  "_originalSource": "d3"
}